CustomerID,Age,Balance,Transactions,CreditScore,Tenure,Income,NumProducts,HasCreditCard,IsActiveMember,Churn
2cdbab4e-04dc-4429-be4b-1b8dd9252554,56,79674.64,271,406,8,127758.53,3,1,0,0
30b7e36d-6f0f-4c35-9446-0d5346652f35,28,86631.0,100,430,22,30154.08,4,1,1,0
67a19cdf-8fde-41f8-bb14-6986dfdb5fd8,77,18422.11,460,613,22,21271.93,1,0,0,0
4289786e-ae9e-4f4a-ae48-12a300598f06,59,4761.9,188,489,15,131309.48,4,0,1,0
4d75f689-7491-4f8f-bc10-252b549a9c9d,20,86008.05,135,320,9,31709.29,4,0,1,0
80307eba-cfdb-4f4f-b030-e776adc1ad32,75,30530.92,53,639,28,99227.45,3,1,0,1
cc427696-fb39-41fc-836a-84a5d30f423a,52,90941.11,420,687,2,96528.06,2,1,1,0
1acc5e06-66a3-4e78-8626-9321a3bc5861,35,77535.77,162,501,4,127622.0,4,0,1,0
a311efc1-b941-4522-bd34-8919b5c522db,77,4618.21,296,637,15,169172.75,2,0,1,0
159f9b9b-640d-4381-9c63-dcfbc1e9ee59,62,14178.33,15,364,25,197639.65,4,0,1,0
a7aafe68-4ff0-47ad-ab74-b2c5578769c6,28,19964.36,392,718,1,129072.8,2,0,1,0
dd777d01-30df-4ebe-b236-10996941028e,24,85018.85,268,332,16,86747.29,2,1,0,0
34150c0d-be1e-4241-bc44-3c52b2562748,57,27544.71,35,761,3,156941.31,2,0,0,0
0d135710-a71a-4273-b303-e2bd8af0e531,44,52321.01,15,760,19,25657.25,3,0,1,0
560e8106-5b20-410d-b5f8-512e596aa64a,21,90765.89,407,530,13,117171.4,1,1,0,0
1b2374c4-2c37-46c6-a981-0dc5e045c204,76,69509.01,284,327,12,53582.61,2,1,0,0
12dbf1f2-14ed-4ae6-85a3-79d6c5dbee00,72,89619.52,231,489,1,68983.8,3,1,0,1
757d6994-c88c-4515-89bc-7a52be39b799,58,30547.65,198,755,27,95133.98,1,0,0,0
23b29a84-aeee-4f83-8035-da74176f6927,41,94296.68,374,771,9,92690.51,2,0,1,1
f72395fc-f615-475e-a139-2e0cfd8d811c,79,69660.8,387,412,5,71271.29,1,0,0,1
96b35d02-bbd4-4ee9-bbb3-a1849a1f31d8,45,5242.73,485,524,1,63121.14,2,0,1,0
d8cf7b83-cc38-44a1-8d18-34a55cbe334d,23,24281.32,324,738,11,86537.8,1,0,1,0
9e0d3554-3744-4f60-889d-c972539e2824,69,98343.97,470,810,16,163702.12,1,1,0,0
98ed66ec-14e1-443f-b452-9d950a745e46,46,85850.04,252,702,26,112176.75,3,1,1,0
8b317781-32c6-4a12-ab43-21af8827162a,58,69124.68,128,637,8,44753.77,4,0,0,0
dba587b0-7a34-4847-b46a-54dc02bf03a3,48,87746.2,99,562,28,51491.89,4,0,1,0
34b355fe-33f2-4ee2-86cb-898ee7175d39,19,99625.74,254,752,5,178874.54,3,0,0,0
7d97c8d0-4280-4ee6-83d8-38887f49754c,65,84681.45,404,451,22,160377.6,4,1,0,1
f33cf659-043d-4d94-b261-d4f34f06c4ff,53,89865.56,340,553,3,87010.9,1,0,0,0
72b2746c-94dd-408d-8e8c-fa815e50ae3e,63,54918.51,310,462,16,199002.34,4,0,1,0
b74195a8-ff88-41ed-8544-bfc8293540a5,38,17964.39,384,691,7,149769.19,4,0,1,0
ef3d8341-cfa4-4c8d-8804-bc2813cfe9be,68,63669.63,22,337,6,90757.59,2,1,0,0
8b28dc87-8c06-4771-b6a5-b65ce99d87a0,38,50313.45,284,780,5,61433.35,4,0,1,0
12e9d455-81c4-4a5c-845b-b425cb41c4e9,66,4456.02,172,519,29,70320.86,2,0,1,0
96a8b263-4ac8-4f4e-be40-6500146c0a3e,41,33141.96,302,480,3,196459.69,4,0,0,0
997a4dec-b85e-4f74-a400-3ed1a4684bec,40,26920.64,323,427,18,120224.23,3,1,1,1
5ec44c2f-77ac-4ee7-a1cf-82b047b78026,63,9807.93,288,454,10,177927.15,1,1,0,0
6e84c5f0-63e4-4c31-978e-1b7e54c7ea56,71,36013.17,477,837,3,66117.25,4,0,1,0
e54edacf-d98d-448b-a198-dc2f65f269dc,74,62826.65,20,620,8,146354.04,4,1,1,1
aae43574-3a0b-4a2d-82ed-3f77a0ea9495,32,37620.74,322,350,25,47907.49,2,0,1,0
f9b21aa9-fad1-47c3-a247-196ca44f44ed,39,25100.11,170,353,11,42870.89,1,1,0,0
a4aee061-561a-42f9-9e45-edbd801474ba,61,62326.76,196,649,15,145912.2,4,1,1,1
243f96b3-237d-43b7-8c88-4705fb6ad1fe,77,71488.05,147,419,19,99014.86,3,1,0,0
f89a48ae-7a57-4763-b240-99ef1b0acbe1,79,83614.41,393,357,26,48158.67,2,1,1,0
09de48a2-2157-4901-83cf-a7eb6dcff821,42,66053.72,373,571,29,152821.45,3,0,1,0
c9083290-430c-4e86-868b-0d46b047d55b,20,24848.33,144,734,5,41629.64,1,1,1,0
26a222d8-6b7b-4003-9efd-bb73fa0332c1,66,31210.19,446,752,12,23089.0,2,1,0,0
c75c67e3-aa31-4475-a866-73b0dd7038ce,50,46520.91,357,322,26,130853.02,1,1,1,0
37ad8033-d394-4007-be58-e8939390e228,27,62623.41,442,624,13,49328.2,4,1,0,1
e2cffb76-0b13-44e7-9119-287def07c1e9,45,58618.98,475,679,1,102485.52,3,0,0,0
d7896bff-69eb-42df-ad68-b77bca075cc4,18,96122.94,330,342,12,69313.0,4,0,1,0
59171e07-52e8-4a57-91e3-d4a43b011bde,68,61863.56,215,389,8,89371.39,2,1,1,1
6320ae13-2fc7-475f-90e5-81e42b58d57c,58,49654.14,314,800,18,133209.71,1,1,1,0
c9616397-f7a9-4324-a013-89de99fc6ff2,78,28275.25,394,756,24,165230.25,1,0,1,0
11c3e026-1dbd-4dc6-904b-5c57a499e307,66,77663.65,152,489,5,62947.43,3,0,0,1
7eb91ee2-cd6a-46db-b67a-78de5a684f42,58,37835.12,369,361,20,168762.34,2,0,0,0
63ed8678-41be-4265-864e-78b28b62f73f,53,1182.68,233,375,9,77476.45,2,0,1,0
c29a1e63-6943-4d4b-9c79-5edeaa52cb30,75,63220.54,373,368,3,128439.37,4,0,0,1
3a1959a5-d498-4288-90f6-eb8838c5cc45,40,78151.48,39,408,21,108995.65,3,1,0,0
437818a5-1528-4e0b-9979-385548f45697,52,88781.65,235,308,10,170653.5,1,0,1,0
33d7c454-84a7-44fd-b883-5ac41ede56b4,30,22335.38,393,493,5,112398.71,2,0,1,0
1518b0d4-6640-4cf8-9442-a7a73c033c43,18,88047.96,145,810,7,197480.19,4,1,1,0
a70ba113-88d2-4868-8fb8-b38e4ae7cc16,36,77736.98,182,466,27,64770.35,3,0,1,0
1748912c-d56a-4c07-9ca0-4ac9dc4ed91e,30,40579.69,126,357,20,41387.22,1,0,0,0
9225cb35-2831-4931-a14a-fa5936ce9eee,20,58378.54,190,804,28,71428.18,4,0,1,0
9eac62db-a39c-4e07-9049-b71b1a3fc535,75,1314.23,160,472,29,78083.55,4,1,0,1
36189cfc-7fa5-4f31-bdbf-c8bef2a0e131,54,25373.72,147,831,25,114157.61,1,0,1,0
9b173c7e-b252-4db7-84cb-3e44e938b548,18,62793.05,374,558,16,152678.13,3,1,1,1
3a724a03-393b-442c-86ac-4a722d24af00,25,39512.73,408,672,8,50542.38,4,1,1,0
a22a6d0c-8833-4df8-b362-2e63346e3d94,67,26667.2,357,340,4,197517.93,2,0,0,0
fde5d76a-f1e8-4be6-a9ab-22cfff79d839,70,81398.12,220,846,29,189295.73,3,1,0,0
24c35618-46be-4224-9bca-563d6ef45138,19,8366.57,286,541,27,28139.36,3,1,0,1
ab59a65f-31d8-4bae-87a8-9ea01b782ad2,35,98728.89,177,581,25,194584.59,3,0,0,0
3c0e6662-6bb6-4684-a6ac-ea8418854158,58,41540.47,385,704,16,33564.63,4,0,0,1
e3891137-d556-4b16-824a-0951cf3ffd2d,55,91325.26,23,757,19,64522.66,2,0,1,0
2b9d71fd-8cf4-4b07-b445-92e390bc3ed0,62,60656.85,446,748,17,156259.84,2,1,0,0
e5ff7ebc-b1bb-4c74-a13e-38d191661a5b,43,49866.7,438,417,3,113629.43,4,0,1,1
61f6a66a-0d39-4129-b061-04230ba7a7c3,47,87677.69,313,700,16,106408.27,3,0,0,0
2d1bfc04-dc56-487f-b476-44c27c50e16c,19,80523.96,103,721,28,196483.29,2,1,1,0
77f18cbc-2969-4e54-a9d1-27be7dba841f,44,9191.11,482,607,25,112518.11,4,0,1,0
aa3c6023-38e9-4a71-8716-47be7faf84a3,59,86250.13,133,437,24,171576.45,1,1,1,0
2470773c-ac6b-460a-8dbf-09b16a477978,51,62118.49,450,504,11,124336.99,3,0,0,0
fad08132-ab2a-4a63-92ed-8202adf94a13,72,58518.13,459,673,16,135357.45,4,1,1,0
77207e9a-3760-4f01-adfe-786ea03efc27,49,47448.77,93,360,26,60292.83,1,0,1,0
53a2ed6c-015f-437c-b7eb-5e3bcb0206a5,78,3277.29,326,812,5,102940.18,2,1,1,0
fcfad60e-61bb-45d2-b987-75ac4738fe85,43,69070.44,73,548,15,133022.07,3,1,1,0
43ce8bee-0cbb-40aa-9095-38be1e49ad72,65,6201.69,26,556,8,154686.74,1,1,0,0
6f1cf609-0911-41e2-9667-3c7f35a048f5,73,48503.85,474,327,23,115627.84,2,0,1,0
a6f4a1a9-9ae8-49a0-bc12-c40eb7003f87,73,13398.38,3,662,15,25484.99,2,1,1,0
6e9a1ab8-b13e-4981-8fc8-3065d703e2d2,32,10576.43,119,784,28,23612.82,1,0,0,0
fca4e628-e8eb-46b6-9777-a6ed1f561806,79,12064.24,145,824,20,105314.59,2,0,0,0
e357d54b-34fc-445f-b675-0419e6268819,64,58461.53,470,333,15,154179.11,1,1,0,0
00afd3f1-ca39-4d4d-aa06-1b74262772d2,54,36371.92,282,619,2,63983.57,3,0,1,0
b9b0b817-7866-4c7a-b449-d5f81437baa3,50,852.68,277,802,16,48922.65,3,1,1,1
b321db1c-c124-432e-9051-b558b1ee257c,41,89686.87,247,542,8,145453.06,4,0,1,0
280df67a-7732-433c-8c1b-8f3ab056d992,45,91747.82,335,417,17,108334.78,2,0,1,1
4ecaec2b-ef15-4ef6-94fd-66b917fd203b,32,53550.17,26,734,13,158508.73,2,1,1,0
aa5b6cec-a2d3-4b2c-8ad1-3bc011681b1f,37,50810.28,113,439,15,147301.42,2,1,1,0
9f2692f2-4ae6-43ed-b94a-c7bbe966fdb8,28,93208.23,333,558,1,86461.49,4,1,0,0
e24523ce-3571-4a82-8371-380fb4e17d04,61,20252.87,168,620,5,20487.96,1,0,0,0
9fe4a171-8955-458a-9ea2-b3bcc4761a13,72,79449.52,95,617,28,193704.84,2,0,1,1
c9e48d9f-e4e0-4248-b350-9c7b7f9400fc,51,18205.18,35,812,8,149887.38,4,1,0,0
b5685e76-84d4-402c-bccf-807e29a6234f,58,75075.14,316,590,21,53552.9,3,0,1,0
56248223-0b09-4280-85b8-712c38341bd0,21,31688.04,42,388,18,166987.9,3,1,1,1
7c208b0b-f81d-4b6d-8800-4602d6f2849f,78,30207.65,23,442,1,61798.29,1,0,0,0
556467a6-0816-499f-b76f-94336f256a44,70,90656.56,435,338,19,97675.07,3,0,0,0
5f840f56-00b1-4734-bfb1-89574cb79c39,69,79423.12,157,588,20,153462.96,3,1,0,0
7b935be9-4213-46ab-9126-5ed36c3d80d8,50,70727.35,411,588,4,122580.14,2,0,0,1
11e00512-4ddb-4ccd-a9d7-8fcedba4d424,71,82143.6,159,527,13,42947.96,4,0,0,0
5ff81eb9-bc1b-4125-b819-7264c482c7b6,46,23002.21,332,429,27,135406.57,3,1,1,0
b26ce10e-a5ab-4ad3-9b68-acf51c586866,44,34635.03,11,553,10,81654.37,2,1,0,0
4682c06d-2796-424a-8d75-665e85f41eed,63,61533.53,218,440,8,111059.96,1,0,0,0
dcd649af-d8d4-4152-9643-3d50fa222d55,60,93218.62,356,623,5,186049.89,4,0,1,1
6f1cde32-8104-446c-8e9e-84ff86d606f5,48,60710.83,51,328,14,188186.06,2,0,0,0
2be33598-d746-4767-8456-96055dd47726,54,98485.64,110,719,22,170748.34,1,0,1,0
87761d12-f7d7-4d9e-945d-3910de780786,57,60828.65,431,608,9,57004.37,1,0,1,0
a039ec72-8fd9-458d-a090-dd2f6bfc9832,69,53785.82,75,685,7,82451.58,2,0,0,0
ea874c9d-9031-4169-8545-62422fe200f6,76,45298.71,179,481,24,123973.75,4,1,0,1
be6ffbad-0df1-443f-a275-0e29553fe0e7,66,78071.52,491,455,18,139436.73,3,0,1,0
315a5880-7cf4-4eaa-b6f8-1dd8169ee46b,37,41520.95,476,362,29,53203.32,3,0,1,0
3162d734-e70c-44e5-a016-696fe6526293,40,42736.21,440,617,29,132495.68,1,1,1,0
fa425a3c-dbd9-44cf-b81e-9518540c867d,35,29475.06,371,474,18,114390.25,4,0,1,0
84f07a60-394c-4620-9fe3-0ce9b35a7163,68,15608.5,385,563,29,33590.61,3,1,1,0
1ff9133b-3732-485e-aee3-744b1251effa,63,52705.19,481,386,23,48107.47,2,0,0,0
0c2c3259-f086-40b3-a1c8-528d526a7239,74,22275.02,472,742,29,127108.82,1,0,0,0
2145b95f-69a7-46bb-adb8-e3de8045565f,50,55716.49,264,717,3,63770.99,2,1,1,1
3445377e-c26b-4b0b-8188-d37dafc2347a,33,39778.63,165,481,21,93150.62,3,1,1,0
5a2a84ec-439b-4b25-8f5b-727cea293ddc,24,73616.87,85,446,16,52658.38,4,0,1,0
dce7922f-b84a-4983-9aee-5793756a0110,18,81762.61,404,822,10,168519.32,3,0,0,0
e8f3eed9-85c8-42f2-846f-40534441a599,22,34584.7,256,525,21,73003.84,4,1,1,1
79c7444e-8a43-4eda-b121-111fade75988,34,86859.95,120,358,14,104791.78,4,0,1,0
f90166d5-4f9c-46bb-816b-c6a52cd02d06,31,74194.53,450,536,25,66419.78,2,1,0,0
882acf10-6570-4078-b1a7-90952a8e59bf,43,52616.45,109,374,6,184573.79,1,1,1,0
b20aa6f8-190a-4d43-9fbb-4a4565db5226,51,55462.38,153,677,12,57155.83,2,1,0,0
0a94db58-7046-4a59-8f4a-7937e80dae4e,48,87401.62,168,567,13,139706.6,3,1,0,1
21ad328c-bb84-4ad7-bc32-03fccf5ffe66,38,38375.54,122,429,28,192552.89,1,0,0,0
160e8092-5c87-42bd-88af-09bea53ab1b4,43,6918.15,267,595,11,84021.09,1,0,0,0
3b8d1fea-09b9-40e0-bf6f-570cd198f158,71,47657.44,111,705,5,107075.89,2,1,0,0
378c31c8-3805-4dd1-912e-a7e0d4bfcac8,52,84168.81,337,806,13,47840.99,1,1,1,0
4dca3ec1-9f91-456c-86f7-f7b5e8ac5d0d,26,35218.86,129,516,29,143912.43,2,0,0,0
182d8e9e-edbc-4841-b661-3909e94427cd,67,79961.65,172,734,6,126241.52,3,0,1,1
c2cf7502-edb9-4b01-adae-6506b9e0304a,66,13768.18,330,796,15,35606.94,4,1,0,0
682c2b6e-285e-4c58-8043-da0a2ea969ad,38,75927.68,485,673,16,172855.22,1,1,0,0
8d4740a8-012d-4854-861f-3568bfafb70b,76,98768.03,365,837,15,27949.78,4,0,0,0
7cd4391f-28c1-431f-9d30-1b51b7d03544,38,47373.69,391,634,21,151584.26,3,1,1,1
8d649613-18be-4f0e-b5d7-9eb33e62deb1,40,79554.65,223,671,7,101925.86,3,1,0,0
132ebb64-dcca-4b7c-8ac3-5fad4e73cccc,48,36533.26,108,487,13,33851.58,1,0,1,0
e676c413-2d54-449d-8b98-2effa97eba49,40,6629.1,15,796,4,162330.17,1,0,1,0
d0be5e84-cb97-4a5c-9cb8-f85b3a2b6d6c,62,61624.73,382,749,23,103149.71,2,1,0,1
8d871c9d-547d-4d44-be3b-95731363b5c8,30,38457.99,96,338,14,83128.13,2,0,0,0
c874cb63-fd56-404a-adff-7ccbb116bf34,61,62787.8,440,538,25,158289.21,1,0,0,0
9e53f6e3-5cb5-406d-8cf4-74f069bc5900,18,23953.84,3,728,14,73460.52,2,1,1,0
f40950a0-6549-4def-a2f4-9adfd997c9cc,42,27798.84,437,698,17,90493.43,4,1,0,1
2ab3c5dd-1b86-4871-a5f6-a752ec635ab9,78,25972.37,380,739,14,128143.72,2,0,1,0
001d1f9a-3870-4a9a-9fce-f0a5dad6c508,69,6592.14,72,609,21,169515.65,2,1,0,0
82f94905-b901-4805-9679-c901c221b727,43,3769.52,259,816,5,133360.03,3,0,0,1
d0e07c29-991b-446c-a5fd-fce76181877c,75,52550.65,379,789,3,156482.93,2,0,1,1
dca295a6-4992-4605-a3a0-1405c04380a5,52,22521.61,120,388,9,181085.86,1,1,0,1
9ca48d87-a0d6-4dc1-b9f6-15ca4b0d3c44,20,27368.64,29,494,25,173394.84,2,0,0,0
5e20df01-920f-42c9-8512-a36b4e6a3146,22,73547.74,226,423,15,20914.79,3,0,1,0
a2ed9f70-079b-41a6-a029-69dd7fe36b6d,23,96215.99,176,413,8,178923.13,2,0,0,1
c21ee636-7f57-490d-8d6e-ac2d1ef98fc8,73,66244.99,40,588,6,113826.86,4,1,1,1
eb97797f-c7ac-4057-ac5b-7edca52fef5c,76,16123.97,269,662,13,145544.86,2,1,0,0
2b32ab07-06d5-4818-b3eb-494352ad160d,77,15944.65,235,330,23,20926.13,4,0,0,0
86add1fe-60a5-4aaf-b7cd-12e5a2910c14,48,211.9,258,823,7,54763.92,1,1,0,1
f7825ca5-c2b0-43b8-a7a7-ab93703c1485,34,11672.8,354,747,24,167362.3,4,1,0,1
1a100552-5672-42d3-95cf-2d381e851bcf,27,43280.85,482,711,28,52309.52,1,0,1,1
377862e0-9348-4969-99cb-3186b46b4976,49,77108.33,324,491,17,158777.17,1,1,1,0
f0dcd825-7c88-4e6b-9a72-7a50e4070563,43,7561.97,210,605,14,195228.01,1,1,1,0
ce589d97-46c2-4000-9871-64a8396df4e5,69,75850.49,7,328,11,167872.33,3,0,1,1
5b4e7b83-1192-4a93-828d-4e2c177c88af,75,202.85,482,729,2,199482.41,1,0,0,1
556a9779-f9e3-491e-8c00-3adaa6b7442f,32,79501.47,157,374,20,171190.49,3,1,1,0
779776e3-5035-4629-92ae-ae6eba63bb40,44,86818.63,382,739,28,151628.61,3,1,0,0
8d6d7662-f060-4788-9cea-5f5ab149e807,23,76033.4,453,686,27,93680.12,4,1,0,0
6e860cf6-f2f6-4bb5-bd45-3961b879a471,52,3210.29,281,823,18,175584.48,4,0,1,0
cfd3f91e-f6c6-45d4-912a-2fed70a1a93d,42,86875.45,309,819,15,101664.85,2,1,0,0
c9cd63c5-b2e0-4db9-9994-d7b5151457de,61,3349.37,316,677,3,53382.6,3,0,1,0
57b65d7b-d534-41b0-b871-592db6fa17e5,34,60769.91,340,820,6,60597.23,4,0,1,0
af164cdd-ae21-438f-b3c0-36988c7f28ea,70,59067.37,72,694,13,46924.52,1,1,1,0
e50db5b5-ab6c-4165-9955-a76553d59aad,63,97472.52,166,843,11,145096.74,1,1,1,1
b1b48a48-1ff7-4d97-8916-510fd30a5e07,28,48102.64,88,700,12,197599.27,4,0,1,0
49f43e04-7f55-4722-b94b-bc6cd289fe77,45,70276.25,202,541,28,33034.93,1,0,0,0
369e57ab-f2fa-4559-8f1c-f6d3f47a1cb0,50,82468.95,154,402,2,195943.95,2,1,1,1
bf570e9c-e913-46b1-94df-dd4c542bd7aa,51,4214.23,428,604,8,134557.44,3,0,1,0
088fff75-27fb-4b53-b64c-5194829678b3,26,5291.93,416,669,12,176774.44,2,1,1,1
5ff93e03-e01c-4971-8048-29de7345b4a1,64,81501.03,7,758,20,119540.26,2,1,1,0
7d343f13-2175-4c84-ac67-0e5e07cb3bb6,20,4171.34,188,313,11,150468.78,4,0,1,0
96c259e8-1702-4238-ad35-6cfcf0115607,62,61612.63,147,655,13,52781.22,3,0,0,0
40029440-6cbe-4ddc-8013-1b6056a9b6a6,61,55580.82,402,848,24,195462.77,3,1,1,0
a569d991-2098-41c2-942e-2530cf763978,78,7312.62,447,506,1,171281.43,1,1,0,0
685c82a1-c456-40cb-a6c6-a407612a91e0,78,84639.9,293,815,28,86786.98,4,1,1,0
924c7107-4750-4439-9fb9-51d78f660e94,68,57909.67,420,549,21,91192.73,4,1,0,1
9525ee89-8537-46ac-aa7b-de2e6e1fe2d6,23,65535.43,243,670,26,184225.4,4,0,0,0
3bc1db9e-796a-4023-bd5d-28af2258fc44,38,73337.99,355,819,4,183625.85,3,1,1,0
0a01aaf0-35af-48ac-89f8-84cd4c1cc4fd,19,18179.6,325,617,22,176734.98,3,1,1,0
b7fb54ee-c9dd-40fa-b0c1-24778ff48bf9,37,59335.79,326,444,27,76186.65,4,1,0,0
ef3b01cd-a5b2-47fd-b901-60fa43eef604,18,77369.97,440,600,23,101682.12,3,1,0,0
ade60bd9-0b17-4b3c-87e3-59e09070d49b,33,52025.42,266,660,1,100898.09,4,0,1,0
96ce49e5-614f-4f3c-9115-a99ee33c9038,71,16845.16,121,406,5,84211.77,4,0,0,1
d22bdc0a-e35e-47bf-8f3d-19b2801ec562,61,44692.23,367,550,29,26153.8,2,1,0,0
4801a695-911f-4794-96b4-9551e3c376da,37,5264.51,1,418,3,101395.83,1,0,0,0
cef954f7-fabb-4924-9b4c-399e43c6a39e,68,4253.13,490,575,21,106381.47,3,0,1,1
39226718-0124-49f2-bbb4-6fe2e32db922,67,97312.47,39,522,24,112807.29,2,0,1,0
d72022f1-0f0a-4f3e-a14b-e269814a11db,40,3094.36,301,607,16,189167.56,4,0,1,1
aa8d6918-84b6-4e4f-ab79-82ae109d02fc,18,73109.86,157,651,6,176265.61,2,0,1,0
26eb3ec8-e0d7-4775-b879-d03fd2627130,72,94466.96,458,713,18,63946.51,2,1,0,0
0dd35f0a-704c-49a1-a90b-df0beb223b2c,29,11399.67,345,300,19,189357.56,2,0,1,0
f0cdad40-d6a2-4d3e-8c19-022fd683b77a,43,34922.51,450,460,9,198800.65,1,0,0,0
625282bb-be8f-4179-be12-925a7e1402af,58,11000.05,98,680,6,78865.97,2,0,1,1
af058730-9157-4599-80c6-e26b73b6efab,30,79801.58,339,664,11,87621.01,2,1,0,0
b35352cc-5a30-4b1f-becd-a97e38c7d035,32,63057.85,199,442,21,88475.55,1,0,0,0
05d660a0-1048-4a29-9cc2-ec7f70f44c82,66,44497.5,102,566,3,50319.99,2,1,1,0
8a21a446-b34d-4ae9-9f36-200dcd4b6e54,20,54282.13,328,749,6,184562.57,1,1,0,0
eb8ba324-1c91-4c5e-8476-ec7a2074d42c,51,52709.72,463,599,4,129422.92,4,0,1,0
f9171a17-0d71-47ca-be20-4cf7db4400a6,61,95556.82,493,320,23,97555.18,4,0,0,1
20c562ac-d9d1-416e-9340-bcc41b8f67d8,42,65503.84,51,623,21,106252.98,3,1,1,0
3dad47d6-1551-41cd-8f66-cf30a765edcd,65,52356.16,494,838,29,164544.66,3,1,1,0
2a516475-e8a2-46e3-b104-f3fcba52ce91,47,71643.45,433,389,25,114046.59,3,0,1,0
fe347a95-768a-4e72-b981-e896e692dee2,30,18540.05,447,611,17,122116.2,2,1,1,0
f7770395-6d66-4f3c-b301-a9dbd1aec258,71,80618.66,385,471,24,114769.85,3,0,0,0
33d57051-8b27-49dc-896f-5261c8a62655,71,51566.0,220,325,9,136389.06,4,1,0,1
d7edc2b4-f6ef-4356-8edc-ef0842d9a664,25,77017.48,49,453,27,160494.59,2,1,0,1
f7edf2df-41ea-4502-8ff9-d9cf18e403eb,56,66788.23,146,738,18,47537.08,1,0,1,1
9c56f454-bae2-49ba-ab9b-8df84065d269,72,53582.27,150,731,5,135554.87,4,0,1,0
084ef2bf-c723-4c30-acb0-7e6fe33c83de,26,39151.51,441,553,25,197801.39,3,0,0,0
4c1f96c3-7dbf-4d77-8726-d27ab4b08934,59,42877.14,167,758,7,81396.2,2,0,1,0
743db47d-405b-4b97-9323-f3b62790030b,59,90561.93,109,335,8,136152.17,4,0,0,0
750867c6-29b5-40a9-903d-ebfd6006aa60,76,34421.69,487,816,12,62068.17,1,1,1,0
f0baa343-06cc-4594-861b-a90c9521d6fe,20,53342.48,381,357,3,54258.48,2,0,1,0
1a141d21-d912-41b2-ae54-17c54f06441a,34,99548.5,471,415,8,124485.5,2,1,0,0
d7df7a6e-3311-4d1e-a09e-711fb62d11ca,48,75508.3,311,507,10,37401.76,1,0,1,0
26d0a320-3e81-44b3-bffa-686bb3ae4ceb,33,66524.68,468,814,16,88854.73,3,1,0,0
be2fe705-7c43-4392-b3cf-701ba1d7fb54,22,73744.3,248,663,1,171565.99,1,1,1,0
0ae45bde-9f5e-49e3-8292-dc1f4965961d,25,75551.52,161,759,6,48674.72,1,1,1,0
1b1c3cca-75cb-4ec5-9ec5-8479b3b522f3,67,34233.28,361,640,2,188652.41,1,0,0,1
fb37f878-d451-4fe5-9b63-f811fdcd1637,79,44775.53,196,765,23,49117.56,2,0,0,1
2e065db9-b530-4dec-bc78-e6459e857425,54,39165.17,12,538,17,40945.95,2,0,0,0
65741a7e-6e96-4a90-ba64-9e7b163ee62a,59,86818.86,134,366,16,58156.85,2,0,0,0
b6dd6e0d-6150-4f27-bb48-1e31eaae8ac0,19,15463.74,419,765,14,195609.84,4,1,0,0
8ba41672-bf52-40f1-86c1-b032ba679645,78,86215.25,164,394,14,45055.64,4,1,1,0
d7686aa9-3905-42ca-8d7c-56ff090dd6d1,20,95284.47,390,324,13,86156.2,4,0,1,0
47ec81b2-994c-439d-b989-3711bfab5a02,32,96315.2,444,311,28,76126.9,2,1,1,0
3e2e5241-333e-48b5-a647-cd6c2bf36cf4,23,133.22,43,553,2,137036.2,3,0,0,0
1f57807c-e9f1-4d45-a513-3087573028b1,51,46034.06,130,681,11,155765.64,3,1,0,1
89d42e70-979f-48b5-ae18-bf7393599b2b,36,17149.41,149,628,28,74589.53,3,0,1,0
6c334a80-d68a-44ed-ae77-d340930db6e5,50,50991.27,103,400,7,59744.47,1,1,1,0
d13a5465-ad11-474f-a0c1-a3dbd8a65ec3,56,72459.32,485,782,7,114590.83,2,1,0,0
adbbcf4e-d8a7-4899-be1a-92e88d58a66b,39,96385.85,183,685,27,95344.51,2,0,0,1
ddd77873-c648-4c22-b3a1-4b6d53173f46,75,19050.52,389,364,13,22181.74,2,0,0,0
b2e36860-fc16-4671-a2dc-86a75482f02c,54,95961.71,164,764,3,67853.2,3,0,0,1
51792dee-38c3-40fd-9026-474a38cb7525,72,15008.85,196,845,20,63826.03,2,1,0,0
2733422a-8b29-48c6-9988-10ddb7c58515,69,85970.57,42,320,10,180575.24,1,1,0,0
88d66f61-6e08-491e-bdac-26f681d6d871,58,68844.66,60,328,1,171356.88,2,1,1,1
65c4070f-cb55-4222-897f-d102436ebfdb,45,63756.43,290,499,17,130508.05,4,0,1,1
80cef893-f616-4e31-a776-f0c7ebd45e59,22,73769.63,449,386,5,28609.55,4,0,0,0
9bee9799-202c-497b-988a-0722f7cb0080,62,80232.84,483,316,5,111544.27,4,1,0,0
b9170ba3-9dc9-4cb6-b70e-e1cd48c14747,28,97077.92,211,690,19,53335.2,3,1,0,0
83411be5-b63f-4a20-8279-0af55aca2a90,71,76460.83,320,437,6,34871.18,4,1,0,0
c31aee81-c1cb-42e4-9cfd-fc7984074de3,57,62503.89,450,762,18,21876.99,4,1,1,1
d2c33568-dcff-4873-96d8-fcaca53040e2,58,95986.67,119,489,18,77998.79,4,1,0,1
493eed12-95d7-4dc4-895c-9c9e9b1bf67c,71,48652.95,160,650,16,166118.56,4,1,0,0
ac01396b-ecdd-497a-a35b-06f94fcbc23f,34,92815.56,183,787,27,119016.55,2,0,1,1
dde47bff-e1d9-4bd6-8b83-da2cd8ed1f87,47,92838.92,172,587,19,179646.48,4,0,0,0
fb48dc2e-bf0c-4532-a22b-aaa6ac7ef79b,47,86150.86,497,532,15,65403.38,1,1,0,1
6e078d29-3de2-4377-94a9-5ea18aa968d7,63,72876.22,135,535,11,77610.77,2,0,0,1
de8caf5d-886a-481f-b740-24db83dbfed0,46,72821.92,258,840,21,150676.38,3,1,0,0
689c6aa2-422c-4ff0-bc2e-935b2f9e6023,40,84086.23,461,577,11,156473.3,1,1,0,0
f4403101-3b83-495e-8c8f-67ee7b374241,36,15241.78,30,407,15,177884.92,1,0,1,0
c13ffba0-8cc4-4c60-9d43-cb186aceb8d5,33,81194.05,364,560,3,198525.79,4,0,1,1
09dadaae-56b2-4cd8-9151-6471f8d51e59,51,20483.16,10,704,14,130877.38,3,1,0,0
95ebda48-4ff8-4d88-a8df-b5966366077f,26,55467.23,86,533,26,171193.52,4,0,1,0
deefd3ef-f947-45a4-ae42-0ff378ca0fc7,51,75891.77,20,369,24,110369.04,2,1,0,0
445f9104-6be4-4f5a-9179-fcb9a8f76525,37,78061.94,227,453,5,139347.56,2,1,0,0
40d2b7ac-1673-4b3f-93ff-56ddcc801280,55,16771.82,188,356,13,36738.32,3,0,1,0
b1c31f99-ca0c-4eb0-980a-b1a80b0b6b25,20,6578.87,336,354,20,120918.82,2,1,1,0
fbdb51cf-3c7c-45ec-9502-56d2a4231304,36,27055.09,60,618,14,46819.95,4,0,1,1
4ec513f2-877d-4b21-8e3c-a5b0b3dae9d8,55,21063.22,356,318,16,87223.27,2,0,0,0
2acbdffa-1555-42a7-a7e7-f7b0509f7452,35,37205.06,113,775,27,157985.93,1,1,1,0
37b7a408-3d82-4081-8e80-60fd0c2cfb35,34,63791.57,148,346,27,143464.03,3,1,1,0
4f373f65-caaf-43e4-8c28-bd72237601d5,26,95036.24,325,804,20,85202.38,2,0,0,0
5fd0d30b-b90c-412b-9c57-52dee3009f61,47,83186.53,493,725,3,97338.23,3,0,0,0
bb3c30db-5c12-4be6-a906-1550936a21c1,37,80284.07,74,560,4,44026.4,4,1,0,1
bec9f376-79f9-4a04-a33c-935fac1819b3,52,43741.39,313,481,14,129840.53,4,0,0,1
0679ad5a-d3c1-4d31-befb-ac57636e2ff0,42,95665.8,414,707,12,28027.08,2,1,0,0
8696dd5e-1a09-4e44-b39b-44e3c1456a7e,45,78733.95,394,699,22,97199.64,1,0,1,0
74d63a9f-a2cd-41a5-b408-10e57a238bef,62,85323.65,107,549,11,45064.17,4,1,0,1
829ed636-dfa7-49db-8ed9-fae5bd93e05f,23,89993.35,466,502,20,43037.88,4,0,0,0
10740893-d4ff-46e5-bcda-39422f695114,61,78792.53,142,612,5,196633.48,2,0,0,0
7aac3c22-e4ac-44fb-b71a-1b4770b6a8c6,54,56576.49,403,670,25,190466.48,4,0,0,0
8bc5889a-175b-41ac-9154-a517627f4f2b,67,72028.8,383,789,25,173110.89,3,0,0,1
2684ad27-da26-4b19-836a-20833484cda8,78,86027.96,442,342,9,162506.0,1,0,1,0
778e445a-673e-4238-b37c-a8f3b762ac68,23,84707.18,330,816,2,139553.82,1,1,1,0
c13c4cd4-ef13-4ef0-be38-27f8fb0ccdc9,65,46070.21,167,385,12,31209.16,4,1,1,0
202598d6-2d47-40e4-9c2a-9224bd307fbc,52,5290.46,319,331,7,176984.43,2,0,1,1
a3a1e290-75e0-488e-af0f-fa57e03ba9f9,39,1892.77,232,512,15,178324.73,4,1,0,1
556d1300-bfd6-4656-8d3f-a0312e1c2d29,57,98500.47,26,746,2,31736.83,2,0,1,0
86b3f6a7-a922-4a90-bdfd-184d454ad391,59,49831.47,262,735,23,167978.57,2,0,0,0
4c21236a-fb24-4a6b-ac0f-7b36e82869dc,28,20456.27,74,307,24,84200.78,1,1,0,0
2ebe99d7-6a74-4e6f-8daa-dc43795efea9,72,64303.2,399,537,8,113634.29,4,1,1,1
7171d430-72a6-4996-accf-368659a94920,24,61385.97,365,558,27,69842.81,4,1,0,0
e9c8855b-45ea-480f-b555-2272099c18ea,72,18504.06,101,559,6,194196.06,3,1,0,1
598a3fec-8791-428d-a162-21da5322185e,63,32034.72,129,408,23,42038.1,2,0,1,0
216bf872-e0f0-4aee-b814-a0ed9706fb9b,55,97980.27,59,546,27,143634.98,3,0,1,0
ce3bab89-2355-42f0-be0e-4925251b80e1,51,21054.32,133,526,29,80631.29,1,1,1,0
9c9d4565-f281-405c-846d-fafea7699e4e,36,75982.28,377,694,2,167894.64,4,0,0,0
1d2a02f7-68a3-47d0-89b7-7279a4a443db,39,82842.1,476,576,28,168676.08,2,0,0,0
4acbe49b-75ae-488c-81fd-e60da386782b,51,34859.35,431,637,26,130479.94,3,1,1,0
0c0bc93b-b0b5-40e6-b9b1-3b01b0fac892,22,80638.97,350,588,20,153073.05,2,1,0,0
b3c0f92d-b455-48a2-8a37-3ad6eb059886,45,68198.78,454,500,20,60892.32,4,0,0,0
6a075456-2029-4ea6-b15d-0d832433930f,20,69445.64,409,442,21,25974.08,1,0,1,1
798df0d8-a87a-4ba7-991c-5d735bf21ec3,53,87133.33,39,692,3,30636.9,3,1,0,1
59bb74db-3bc4-4e4c-8000-849ffc1d2592,76,118.82,443,653,24,88310.52,2,1,0,0
9cf27218-0e0f-47e0-a961-e2bdde78b052,52,41334.84,334,806,20,23240.02,4,1,1,1
5bb06904-7008-4c6a-933f-0832046a3f6b,40,12832.65,83,725,19,164883.22,4,0,0,0
628f502f-5248-4370-9fd9-5fa3f8654469,26,30544.63,375,807,19,177095.69,2,1,1,0
3ceb0cd7-928f-4ba9-9c3c-3e3c45126f9c,53,9743.79,286,564,1,104378.23,1,1,0,0
8f082ac3-1d6a-48ee-93ba-238226b1259d,58,30061.92,222,340,4,31608.43,4,1,1,0
3626cfc6-e9ad-422e-a2e8-4f671b04ba33,63,34106.54,120,426,23,115636.97,2,0,1,0
1a5d52b1-45b9-4301-8da1-01b2489ec66d,52,26850.89,494,768,21,31455.36,4,0,0,0
1f9db072-f9b5-42ce-8b90-04d25b55f5cc,70,9476.34,445,623,3,169271.62,4,1,0,0
e5cd57cb-15a4-4fb6-a6b0-1ed7298a5a45,40,43099.7,332,737,12,103597.98,3,0,0,1
bf4db30b-5fd0-45f7-a08f-28a6c39686d3,46,17141.13,21,849,20,161984.41,3,1,0,0
0ea51612-536e-4d07-8cba-034cd8e24e9f,45,23495.03,76,791,2,68882.38,3,0,0,0
b36923ae-d977-4cc7-b7f6-e09bfe7e5d35,40,40756.49,214,561,26,183328.43,3,1,1,1
11a8a39a-bfcd-4022-9240-de83cb829402,46,47349.84,355,723,14,129940.41,1,1,1,0
c9450885-47b6-480b-9f29-8443e75e71c5,78,650.03,302,489,8,26609.85,4,0,1,0
9cdfeed0-84e3-4b48-b923-28ce6df30897,70,57247.66,318,662,22,187715.67,1,1,0,0
cc6f9c02-2fa6-4d0a-b37f-0dd3b8a9c1e6,34,11472.46,307,482,9,25340.28,4,0,1,1
bc7eb76d-a368-4dc4-8244-8376070984ca,30,92949.73,45,300,8,95929.07,4,1,1,0
b650258a-a2e5-4e76-845d-58353a96fa72,62,60829.73,240,600,26,191910.89,2,0,1,1
e1f93b1a-e0d3-448e-ad1f-632986ce09c0,63,5208.42,493,730,23,27300.57,4,1,1,0
ead52d34-767f-46ca-8753-fddcf1e30a88,47,80055.45,420,784,19,127337.87,4,1,0,0
40e629b3-6e50-41f6-8124-7a7a8653bba7,75,32176.0,41,404,10,85145.6,3,0,1,0
7807a6ce-a7f9-4876-a1f2-4dbcde085e65,68,91337.37,377,839,3,150315.15,3,0,1,0
7ae835a8-c3d4-4231-992e-bc7ae205d3fc,20,53443.35,296,557,17,145078.83,4,0,0,0
73d7e496-5b66-44c7-bfd4-0502eb99086a,62,39996.94,357,512,17,58889.25,1,0,1,0
7dc49db3-a643-4a23-9c9e-23ddf273fbc1,45,38800.52,107,719,3,33970.64,1,0,1,1
c4ae4d67-50a3-4fe2-9ad1-006745807d7d,77,22705.28,288,750,3,174361.22,3,0,0,0
fc1a11aa-8f77-4486-848c-c0f211bd14f4,28,58261.65,313,417,4,90735.36,4,0,1,0
086dc9f2-95f2-495c-ac60-f911122a9aae,54,64609.48,421,492,15,47802.75,1,1,1,0
68c18827-4e56-4133-a93a-e6d0db097fa1,52,34126.36,479,774,11,76019.15,2,1,0,0
e84d2356-cb4d-4796-8962-07a5eb1be26c,65,21867.47,204,785,1,38946.65,1,0,1,0
d8d96ccc-c801-4005-80cc-c240f9eac8fe,73,97747.47,67,374,13,89157.21,3,1,1,1
6b1cd08f-4d69-4fe7-9b25-924edb7f3814,44,16086.49,306,561,27,46471.13,1,1,1,1
91ae9c92-3cdd-4199-bf44-1bb26bcf0d7c,78,37102.66,124,334,23,99942.99,2,1,0,1
a230536d-87d7-4e90-99e3-565acd46fc44,30,60727.05,126,799,17,89392.14,4,1,1,1
b8335c2a-852b-4fb3-99ad-7f7e507f7b4f,58,55415.78,162,664,22,64443.34,3,0,0,0
f2c335e8-9c87-4c6d-ba28-35e5ef2d4987,49,70930.47,250,796,21,81640.64,4,0,1,1
f86c83f8-5116-481c-922d-f4cc1cc54d45,21,34792.98,92,579,29,99927.87,3,1,0,0
89edb0bf-8f3a-492b-a197-ab6442a2f722,78,99385.45,252,403,22,122487.93,2,0,0,0
bfeaeb0f-1a94-4b0b-8879-9a888a0d157d,25,4042.01,145,463,22,60994.95,4,0,0,0
e7a1a4b0-97ca-4702-b1a8-4cd39cab9614,71,53385.32,140,545,21,154254.81,3,1,0,1
6db47564-2f22-4052-8c3e-dcedfbd90e55,37,46731.53,12,828,19,103281.61,4,1,1,1
716ed37f-5ff8-48a5-b780-00cd5892a11a,23,58914.28,250,527,6,114039.95,2,1,0,0
726f22de-0799-422f-ab62-e40d4f543c84,28,91881.6,499,764,19,181001.46,3,1,1,1
ee9acb79-4829-4432-bc61-3c5e612b6f1d,64,57395.54,365,462,16,199302.13,4,1,0,0
9c861ddb-4974-453b-95d5-bd634b17af47,66,29913.65,328,446,6,66088.56,1,0,0,0
deb4a38f-a9b4-46a0-a5e0-06019d779bd5,48,73429.57,114,779,22,143789.97,3,0,1,0
c49462b2-4c1a-4f69-84fa-5f03906e9197,79,64482.58,204,493,9,70176.78,4,1,0,1
b1393244-9378-4663-adda-b2da5cc0b54c,52,99782.3,264,412,8,73031.49,3,0,0,0
7df0e23c-7d09-4a58-a14b-280f3894b0bb,54,74073.57,37,440,8,188676.39,4,1,0,1
951be30f-81bb-405c-be60-e4c46de4f285,53,70033.42,191,403,23,107773.01,2,1,1,0
2d847b0f-d514-4347-b9d1-b5d5bc0d18ba,48,6694.38,355,487,13,190583.84,2,0,0,0
542562f9-4bd1-40a4-8720-3de4187efdf0,55,30026.61,424,674,2,163012.8,4,1,1,0
252f832f-534e-4f74-b02c-5b2d926f1a99,43,40347.04,111,807,2,70580.81,4,0,1,0
beeb5bbb-4edb-491a-845f-65463a3f8630,72,90620.49,221,530,21,171601.53,1,0,1,1
4b6aea33-bf38-4a15-9af8-0f52b8ad0090,38,21541.34,275,612,25,42125.72,1,0,0,1
7b6beb4c-f64c-43cb-9ca7-a8046701bbda,27,58627.89,456,459,18,63547.7,4,1,1,0
b6f33d61-7b6d-4bc0-8691-1bcd40b4321b,32,55294.85,191,559,13,185022.5,4,1,1,0
fa9d262d-54ec-4d7c-94be-1538dd263d96,31,88211.02,248,653,11,68878.47,1,0,0,0
71f16f18-60ff-417e-beed-601883fda534,75,78323.36,274,395,22,147255.77,3,1,1,0
2f0a4759-adda-43f4-a76b-7c7c475e0088,23,24757.7,377,456,28,38340.63,1,0,0,0
f33141bf-1f95-485f-a994-162ac81d7500,51,31403.46,100,440,19,183789.77,4,1,1,0
18b498fc-cd1a-4577-9d5e-830f16b0f517,34,68733.22,218,474,23,65761.65,3,0,0,1
c73a6714-3f20-4b0b-86fb-515ae6f27dd3,61,13047.11,452,730,25,73649.4,1,1,0,0
b183d847-b26c-4799-a29b-19bbc1ca41ac,54,4913.78,101,801,16,89321.62,4,0,0,0
0eb2bc62-20c3-4dbe-90b1-a04597646a3b,35,63478.97,227,535,9,29423.9,1,0,1,0
2098c879-6e52-4f4b-a758-3d3f36895146,53,85049.77,16,628,6,105010.72,4,1,0,1
0f7b5308-6480-4b6a-a42e-98fd14ca21a6,40,60814.44,162,562,4,152947.54,4,1,1,0
25de5215-eb2e-4690-9258-9302de9a99cb,45,71349.37,438,364,4,35361.44,3,0,0,0
5efee751-a9c7-4453-8078-a87865796b10,71,78223.33,53,343,15,170386.44,2,0,0,1
546294f4-36a9-4cf1-9b8e-043e9807f10b,19,2030.83,356,697,10,25655.93,3,0,1,0
62d7bf67-2ba2-4d4c-8c11-cf62a1452de7,71,26740.85,29,470,25,193429.86,4,1,1,1
e2e39666-2b78-4f7b-882a-5c1897739823,72,77421.74,175,764,8,43673.29,4,0,1,0
8c76d938-1e89-4e4d-ad89-b6526ea0fe61,76,38319.77,233,720,6,98391.37,4,0,0,1
619a42d1-c14f-4cf3-858b-5f4e45609897,75,22404.01,313,311,16,122256.65,1,1,0,1
c4812953-6801-4192-aa96-7d4ef113e8b3,64,67590.45,160,630,8,160975.71,1,1,1,0
00a0b708-0719-47a1-92c5-e142dec0f41d,76,30361.28,195,788,29,64388.65,4,0,0,0
015f9c0f-3601-4fc6-ab0b-121fd589b257,61,5878.66,90,403,9,63048.58,4,1,1,0
ba0210a1-d740-4c60-a948-c22a962cd06c,32,56173.22,278,532,17,60568.63,4,0,1,1
6ae03467-3c92-4bad-9d56-7f8f4e88c786,42,78154.05,301,638,11,196697.6,4,1,1,0
796d315c-46ee-44b3-a8da-01cac6056494,45,64317.61,321,348,15,185147.45,4,1,1,0
50fdebf0-f240-43ef-a979-c5597f11e017,48,70801.36,242,304,20,133565.92,3,1,1,0
88b8fb8f-782e-4598-882a-412a08f46636,55,53013.01,15,421,21,193215.84,2,1,1,1
778e315f-2dac-4a7a-8867-06aad18adf49,35,54731.28,302,522,3,49834.96,1,1,1,1
2b7f8f7b-a5ac-494a-97da-513625bc50ff,61,84380.6,240,630,13,114901.88,3,1,1,1
99eb78a4-f400-40d9-a885-4dcd99f696a4,33,63690.21,252,389,25,59441.15,1,0,1,0
8de59d9e-9307-4eb2-b8b1-cfedfea00b4f,72,21474.31,466,453,6,54219.38,3,0,0,0
30659963-5ab0-418c-8a2e-41737c4b0098,34,96017.55,245,749,2,156315.84,1,1,1,1
32d480c0-cf65-47fe-85ed-cca2db30ddd7,53,24809.3,321,726,7,160642.79,4,1,1,1
6528ce56-857a-491d-9ef7-c4607a24e534,39,60346.12,421,373,4,84265.28,4,1,1,1
22f7cb5d-7a81-4ad6-92ee-9e3b53e8c1b7,38,22285.38,252,621,23,151195.06,3,1,0,0
21e648f7-a9f2-4c01-8f3d-d26f6fc9c6e5,46,48140.93,141,472,10,182248.96,2,1,0,1
40db6232-f256-44a3-abf6-f75c9edc8cdc,68,49518.05,89,626,17,134379.86,4,0,1,1
8f3d5a3d-78f3-4167-a402-55dd6dc9fa9f,66,44492.1,346,316,18,198639.61,1,1,0,0
8f97c96d-7ab9-4521-a515-49ef756db614,21,84742.44,257,357,26,185283.04,4,0,1,1
2963059d-32f8-4beb-9bd8-da352ed33c9d,58,3989.1,378,492,17,46672.03,4,0,0,1
d2f3f880-0390-4862-bf84-c300bbd088fd,22,71944.07,312,398,12,156579.73,3,0,1,0
20c42f12-4d55-4da7-9f7c-f42828c6de4f,72,94651.01,40,704,14,160465.79,2,1,0,0
b35180bc-4419-4db0-ab6a-f1b22e245885,62,59153.92,41,667,19,126884.45,2,1,1,0
817fcd37-191c-487a-bfe1-393009cd2753,21,29594.66,483,720,1,93694.17,4,0,1,0
6f06bbed-b2ef-4786-ac93-745581af8e3e,53,69392.44,24,835,10,168461.81,2,0,0,0
b9b8857d-bb7f-403a-9349-23412482a0a8,73,29073.92,365,553,21,157798.42,1,0,0,0
999e141e-5cae-4842-b69a-e0d7dc24dfa3,23,5557.98,138,690,7,74755.77,1,1,0,1
6c9df3fc-e2d2-4275-9994-8e63e5e59223,39,72961.54,476,337,19,139348.49,3,0,0,1
ae16986d-c641-46eb-9bc6-3438cfe04dc8,75,30362.8,190,836,16,167020.3,2,0,1,0
1877d46c-2609-4d66-9115-9ee06c76dd95,64,80688.68,39,827,24,157246.92,2,0,1,0
103ac165-dc3f-4ef3-9f56-aaa91eaa7c69,76,41505.52,426,501,27,68423.54,2,0,0,1
84268cbb-5115-4086-8d5f-dab5752a1b70,27,48238.56,273,735,15,148596.35,1,0,1,1
432d735a-4325-4cd9-ba33-64ff0f65586e,42,17291.71,81,788,24,48624.5,3,1,0,0
9079fc8f-0921-43a5-b964-a6871f913384,18,12290.85,378,466,29,175104.36,1,1,0,0
8f5bef8b-173e-4e54-b077-beb14749fff8,26,34599.66,262,639,20,48318.73,1,0,0,0
829d815a-439c-4de4-80bb-f1ff6a71d1ac,64,43588.89,192,364,17,88493.19,3,1,1,0
791821a6-5ccb-48da-b98b-f0af380e9cc9,21,38497.07,339,342,20,42388.91,2,1,0,1
50486a5b-c8b0-4ec4-b88f-96dadab45fa4,78,9841.68,216,614,29,167083.07,1,0,0,0
36f1b479-d60f-487b-8d04-82a94030a337,70,50529.08,283,635,6,41328.62,4,1,1,0
29a20f50-dd96-4cf6-ba4f-e46f84538e93,29,22750.07,43,757,25,48309.18,4,1,0,0
30b3feff-e1ac-496c-bcfb-2ec5f3147997,39,67303.03,485,818,14,132477.34,3,1,1,1
2afae020-98d9-4e64-87f7-3e27f084bc34,68,1314.46,464,423,1,118794.56,2,0,0,0
0859cad7-bccc-458c-8976-aa7611244cde,29,62167.12,97,816,25,178037.21,1,1,1,1
00ff0d1f-5b6a-4cf6-b852-9afc10145641,79,8483.56,489,318,22,79842.11,2,1,0,0
47499e52-aace-42fc-bd68-8a203009cce6,50,64209.27,182,690,15,40914.37,3,0,1,1
5631025d-0fb1-472a-843a-b7bab76faf50,73,99037.14,280,637,10,184651.6,4,1,1,0
577feded-48f8-421d-9b0d-0c343a77a0d9,34,10401.82,58,624,28,92648.18,1,1,1,0
34f36d2c-7757-4571-b58e-0345e98a8f2c,66,34717.76,204,686,10,113022.19,3,1,1,0
911291b9-f352-4256-91b9-520adc8b10a1,27,69008.91,154,738,7,50979.91,3,1,1,0
d9102247-2dfc-4aeb-a61d-f721b21c9c7f,71,69610.17,403,782,15,119608.22,1,1,1,1
162ec69b-7bf8-4153-961c-1d541a6dcd35,32,56409.63,73,780,16,125040.25,3,1,0,0
6e2a6d69-689a-41e1-b1be-fec09e0e1496,46,17490.76,83,453,25,47869.15,3,0,1,1
880dce62-186f-43e2-b550-f6502673b107,38,20343.0,278,713,25,29088.01,1,0,0,0
c5dfb284-98e1-4f12-b30f-7485ca6ce9cb,66,54244.81,83,719,9,171164.29,2,1,1,0
2b470843-dced-464b-b580-0d8414791254,55,10279.12,370,353,18,36672.59,3,0,0,1
045b9c4f-ab49-4f6d-84dd-a347fd1e144b,64,25945.29,93,678,9,98909.3,3,1,1,0
b253ad8c-3757-4728-a082-2edf96e9a122,74,67100.48,434,511,13,36450.47,1,0,0,0
d51b74a9-e7de-4fd3-9961-d2d7b7e8cb09,69,1473.18,63,665,5,33886.13,2,1,0,0
8c7eb6fc-6958-4eb2-88e7-bb8b6456e4a0,20,21612.9,161,630,16,34606.85,4,0,1,1
31adf497-ca86-4a0a-82cd-93cb5b61e2cc,36,49400.75,319,803,14,91540.67,2,0,0,0
47f37dec-8a06-498b-936d-3d204c5eed92,63,29220.42,494,789,17,185737.99,2,0,0,0
913a1aac-6812-4ac7-9be2-146a021ee789,77,36908.05,182,848,9,26301.42,3,0,1,0
442ce03b-dca2-4548-985c-11f20c8dff33,60,63831.63,230,719,18,136878.02,1,0,1,0
a46a2daf-bbc9-4b26-a0ab-84c2e4b71a8e,39,78531.26,186,484,13,74188.29,4,0,0,0
235ef5af-c56c-4a0a-96a5-e0a9ec1d938b,41,92718.35,207,428,23,148332.8,2,1,0,0
fd1806bd-6159-43fe-9c16-e60102f7562d,55,11276.87,413,320,18,178704.31,1,0,1,0
94c25c28-ffbb-4181-bc65-9d581d983099,21,28989.83,196,439,28,99795.17,2,0,0,0
52522172-961e-4e5c-a749-fd586ac6d4a4,75,82872.7,153,610,14,184481.92,4,0,1,0
f04a0e46-c2e6-48f5-a1b9-e5589ee6afdb,66,50612.85,295,396,17,38462.23,1,1,0,1
0042d866-069d-4f4f-bc80-97b4b583c3a3,56,19466.92,118,560,10,179187.78,4,0,1,0
7b026569-771e-4f9c-8505-5dbf1d23659d,74,1423.78,457,584,15,141256.18,1,1,1,0
b218a9cb-0765-4764-86a5-d8369df6d289,65,11843.37,401,546,8,175335.03,1,1,1,0
637d0d7e-c708-4c8f-98f4-995b8144266b,39,54182.82,414,534,10,178699.25,2,1,0,0
3ffde7eb-5dcd-44d6-9721-26803ddb7e65,53,11929.66,234,839,11,64163.42,3,0,1,0
d0d952d5-3205-4aed-b83c-4ba87944ff86,71,22033.44,412,662,29,94652.45,1,1,0,0
eb2756b6-255a-408a-a19f-78db90007e5a,27,41245.29,490,748,29,110020.3,3,0,1,0
71bc8fcc-fdc8-49eb-857f-a5e6908ece5f,46,53297.16,205,732,21,41096.7,1,0,1,1
b92d17f4-cc91-45ff-8460-6bcc9d496b5e,34,20704.59,325,604,3,56776.95,1,0,0,1
6d95b4ff-e5af-49aa-a0df-c1dae2e73ea4,79,79296.54,25,550,29,93461.43,1,0,0,0
5f7b6fbd-ba56-4c29-8917-e72683645662,77,88168.19,310,372,24,155474.89,1,0,1,1
45828dd3-e717-48b7-b24c-baf90aac7bec,68,12825.9,118,498,14,111901.12,3,1,0,1
89b67dd4-3f71-492b-9eb7-9328e338aa8d,20,1435.43,430,841,25,164636.78,3,1,1,0
a2006112-b04a-40f5-8e5b-b54799e6479d,25,87747.31,204,484,8,194251.85,4,1,0,1
87c281c6-2b7a-4de1-89ea-46628ce6926b,35,37609.35,45,634,20,199492.82,3,1,0,0
95aee103-e1de-4d53-aed8-d33b9ddce728,20,35117.0,320,339,27,147194.17,4,0,1,0
73a2b899-0a80-4588-87cc-011bbf9a7799,75,35059.5,96,713,11,169646.19,4,0,0,0
621519e3-611a-4f99-9aec-df3d21cb3930,77,9627.62,207,347,25,124582.72,1,1,1,1
b6a4be5f-24d2-4a85-892d-d6091e65f241,62,35085.28,480,613,20,45258.41,1,0,1,0
f7feb2d2-34ed-4e03-9122-7b5322d2f7cd,76,17071.11,265,519,6,154996.0,1,1,0,0
35bf6f94-147a-489a-b237-8d7b74a8f56d,38,65447.86,292,789,5,117496.36,2,1,1,0
36c3d609-3e56-4821-b291-5c88728a357e,30,71306.49,16,819,8,76488.83,4,0,0,1
09a6d08c-be6d-45db-a7a9-5ed676ea87a7,47,90793.07,300,694,15,120426.94,2,1,1,0
31882010-242e-424c-9246-3d165fbbc10c,43,45132.55,318,668,6,115985.25,3,1,0,0
edc572f1-3947-4b00-a323-848825526319,18,52919.57,480,455,21,145035.37,1,0,1,1
21b6bf2a-0a42-41fa-8988-c3f9481b2b7b,27,66230.7,463,506,4,103074.13,3,1,1,0
fa0c17e2-444d-45e5-87d8-4d3651f3ea1e,54,74809.07,161,839,8,25606.84,3,1,1,0
93b0e33a-ccb4-4090-938d-ecc1cde6f54a,49,24415.33,5,419,14,140032.53,2,0,1,0
ec12d4ba-f662-4ff2-abf2-99bdac0fd782,73,32596.53,413,754,8,140018.94,2,1,1,0
fa0a8ba5-2395-43f4-af4d-e46f2b83d12b,71,70713.1,38,326,20,182556.87,1,0,0,1
2e59feaa-7a33-4bb6-b2cc-399816b5fd78,27,671.29,347,650,15,74725.45,1,0,0,0
de49c3e6-ac2a-48e3-ac5d-ac987d4155bc,76,84932.98,438,807,16,76195.35,2,1,0,1
078f3b12-7257-4a19-8a8c-075d6fb48f4e,67,70645.23,356,506,11,20962.31,3,1,0,1
3a52282e-876e-4ee4-bf7d-8bdd0263fccc,27,39120.3,68,840,19,99612.88,2,0,0,0
3be8d6bb-d74d-4ce8-ac03-bb415f2c5c64,65,59725.5,408,839,5,133953.08,1,0,0,1
ce1782e8-b36d-4d73-a4a6-684bea031c1d,21,86118.43,170,767,6,126768.48,3,1,0,1
8ad38102-a6a0-4db4-ba20-a85a999d93b7,44,67785.41,210,770,11,50124.27,1,0,0,0
04df4614-d44b-4b7e-b757-3124538688a7,42,64899.03,458,363,7,127874.38,3,1,1,0
6a27bac7-f090-4162-9eaf-9f6b934e30a8,67,66809.28,93,729,14,30908.88,2,1,0,0
f2bd5845-5306-4f96-bfe9-922d6ca6b0c2,60,45412.54,296,417,20,192965.63,3,1,1,1
fd2b20cf-2c18-4bac-ae8d-fe892502818b,30,15453.74,293,737,26,153301.65,4,1,0,0
f0057109-f375-4785-8c5e-e1df4e84f910,25,6746.11,474,639,20,64331.48,2,1,0,0
5b43aa79-a1d2-4e52-8e63-d7e35482503d,62,97621.08,440,454,21,164013.22,4,0,0,1
3970958a-1078-492a-9de2-f1d9160e5c70,37,21701.08,465,522,23,131418.48,3,0,0,0
